{
  "pays": [
    {
      "code":    "AD",
      "nom":     "Andorra",
      "prefixe": "",
      "wiki":    "https://fr.wikipedia.org/wiki/Andorra"
    },

    {
      "code":    "AE",
      "nom":     "Émirats Arabes Unis",
      "prefixe": "",
      "wiki":    "https://fr.wikipedia.org/wiki/%C3%89mirats_arabes_unis"
    },

    {
      "code":    "AF",
      "nom":     "Afghanistan",
      "prefixe": "",
      "wiki":    "https://fr.wikipedia.org/wiki/Afghanistan"
    },

    {
      "code":    "AG",
      "nom":     "Antigua et Barbuda",
      "prefixe": "",
      "wiki":    "https://fr.wikipedia.org/wiki/Antigua-et-Barbuda"
    },

    {
      "code":    "AI",
      "nom":     "Anguilla",
      "prefixe": "",
      "wiki":    "https://fr.wikipedia.org/wiki/Anguilla"
    },

    {
      "code":    "AL",
      "nom":     "Albanie",
      "prefixe": "",
      "wiki":    "https://fr.wikipedia.org/wiki/Albanie"
    },

    {
      "code":    "AM",
      "nom":     "Arménie",
      "prefixe": "",
      "wiki":    "https://fr.wikipedia.org/wiki/Arm%C3%A9nie"
    },

    {
      "code":    "AO",
      "nom":     "Angola",
      "prefixe": "",
      "wiki":    "https://fr.wikipedia.org/wiki/Angola"
    },

    {
      "code":    "AQ",
      "nom":     "Antarctique",
      "prefixe": "",
      "wiki":    "https://fr.wikipedia.org/wiki/Antarctique"
    },

    {
      "code":    "AR",
      "nom":     "Argentine",
      "prefixe": "",
      "wiki":    "https://fr.wikipedia.org/wiki/Argentine"
    },

    {
      "code":    "AS",
      "nom":     "Samoa Américaines",
      "prefixe": "",
      "wiki":    "https://fr.wikipedia.org/wiki/Samoa_am%C3%A9ricaines"
    },

    {
      "code":    "AT",
      "nom":     "Autriche",
      "prefixe": "",
      "wiki":    "https://fr.wikipedia.org/wiki/Autriche"
    },

    {
      "code":    "AU",
      "nom":     "Australie",
      "prefixe": "",
      "wiki":    "https://fr.wikipedia.org/wiki/Australie"
    },

    {
      "code":    "AW",
      "nom":     "Aruba",
      "prefixe": "",
      "wiki":    ""
    },

    {
      "code":    "AX",
      "nom":     "Aland",
      "prefixe": "Îles",
      "wiki":    "https://fr.wikipedia.org/wiki/Aruba"
    },

    {
      "code":    "AZ",
      "nom":     "Azerbaïjan",
      "prefixe": "",
      "wiki":    "https://fr.wikipedia.org/wiki/Azerba%C3%AFdjan"
    },

    {
      "code":    "BA",
      "nom":     "Bosnie-Herzégovine",
      "prefixe": "",
      "wiki":    "https://fr.wikipedia.org/wiki/Bosnie-Herz%C3%A9govine"
    },

    {
      "code":    "BB",
      "nom":     "Barbades",
      "prefixe": "",
      "wiki":    "https://fr.wikipedia.org/wiki/Barbade"
    },

    {
      "code":    "BD",
      "nom":     "Bangladesh",
      "prefixe": "",
      "wiki":    "https://fr.wikipedia.org/wiki/Bangladesh"
    },

    {
      "code":    "BE",
      "nom":     "Belgique",
      "prefixe": "",
      "wiki":    "https://fr.wikipedia.org/wiki/Belgique"
    },

    {
      "code":    "BF",
      "nom":     "Burkina Faso",
      "prefixe": "",
      "wiki":    "https://fr.wikipedia.org/wiki/Burkina_Faso"
    },

    {
      "code":    "BG",
      "nom":     "Bulgarie",
      "prefixe": "",
      "wiki":    "https://fr.wikipedia.org/wiki/Bulgarie"
    },

    {
      "code":    "BH",
      "nom":     "Bahreïn",
      "prefixe": "",
      "wiki":    "https://fr.wikipedia.org/wiki/Bahre%C3%AFn"
    },

    {
      "code":    "BI",
      "nom":     "Burundi",
      "prefixe": "",
      "wiki":    "https://fr.wikipedia.org/wiki/Burundi"
    },

    {
      "code":    "BJ",
      "nom":     "Bénin",
      "prefixe": "",
      "wiki":    "https://fr.wikipedia.org/wiki/B%C3%A9nin"
    },

    {
      "code":    "BL",
      "nom":     "Saint-Barthélemy",
      "prefixe": "",
      "wiki":    "https://fr.wikipedia.org/wiki/Saint-Barth%C3%A9lemy_(Antilles_fran%C3%A7aises)"
    },

    {
      "code":    "BM",
      "nom":     "Bermudes",
      "prefixe": "",
      "wiki":    "https://fr.wikipedia.org/wiki/Bermudes"
    },

    {
      "code":    "BN",
      "nom":     "Brunei Darussalam",
      "prefixe": "",
      "wiki":    "https://fr.wikipedia.org/wiki/Brunei"
    },

    {
      "code":    "BO",
      "nom":     "Bolivie",
      "prefixe": "",
      "wiki":    "https://fr.wikipedia.org/wiki/Bolivie"
    },

    {
      "code":    "BQ",
      "nom":     "Bonaire, Saba et Saint-Eustache",
      "prefixe": "",
      "wiki":    "https://fr.wikipedia.org/wiki/Bonaire"
    },

    {
      "code":    "BR",
      "nom":     "Brésil",
      "prefixe": "",
      "wiki":    "https://fr.wikipedia.org/wiki/Br%C3%A9sil"
    },

    {
      "code":    "BS",
      "nom":     "Bahamas",
      "prefixe": "",
      "wiki":    "https://fr.wikipedia.org/wiki/Bahamas"
    },

    {
      "code":    "BT",
      "nom":     "Bhoutan",
      "prefixe": "",
      "wiki":    "https://fr.wikipedia.org/wiki/Bhoutan"
    },

    {
      "code":    "BV",
      "nom":     "Bouvet",
      "prefixe": "Île",
      "wiki":    "https://fr.wikipedia.org/wiki/%C3%8Ele_Bouvet"
    },

    {
      "code":    "BW",
      "nom":     "Botswana",
      "prefixe": "",
      "wiki":    "https://fr.wikipedia.org/wiki/Botswana"
    },

    {
      "code":    "BY",
      "nom":     "Biélorussie",
      "prefixe": "",
      "wiki":    "https://fr.wikipedia.org/wiki/Bi%C3%A9lorussie"
    },

    {
      "code":    "BZ",
      "nom":     "Belize",
      "prefixe": "",
      "wiki":    "https://fr.wikipedia.org/wiki/Belize"
    },

    {
      "code":    "CA",
      "nom":     "Canada",
      "prefixe": "",
      "wiki":    "https://fr.wikipedia.org/wiki/Canada"
    },

    {
      "code":    "CC",
      "nom":     "Cocos (Keeling)",
      "prefixe": "Îles",
      "wiki":    "https://fr.wikipedia.org/wiki/%C3%8Eles_Cocos"
    },

    {
      "code":    "CD",
      "nom":     "Congo",
      "prefixe": "République Démocratique du",
      "wiki":    "https://fr.wikipedia.org/wiki/R%C3%A9publique_d%C3%A9mocratique_du_Congo"
    },

    {
      "code":    "CF",
      "nom":     "République Centrafricaine",
      "prefixe": "",
      "wiki":    "https://fr.wikipedia.org/wiki/R%C3%A9publique_centrafricaine"
    },

    {
      "code":    "CG",
      "nom":     "Congo",
      "prefixe": "République du",
      "wiki":    "https://fr.wikipedia.org/wiki/R%C3%A9publique_du_Congo"
    },

    {
      "code":    "CH",
      "nom":     "Suisse",
      "prefixe": "",
      "wiki":    "https://fr.wikipedia.org/wiki/Suisse"
    },

    {
      "code":    "CI",
      "nom":     "Côte d'Ivoire",
      "prefixe": "",
      "wiki":    "https://fr.wikipedia.org/wiki/C%C3%B4te_d%27Ivoire"
    },

    {
      "code":    "CK",
      "nom":     "Cook",
      "prefixe": "Îles",
      "wiki":    "https://fr.wikipedia.org/wiki/%C3%8Eles_Cook"
    },

    {
      "code":    "CL",
      "nom":     "Chili",
      "prefixe": "",
      "wiki":    "https://fr.wikipedia.org/wiki/Chili"
    },

    {
      "code":    "CM",
      "nom":     "Cameroon",
      "prefixe": "",
      "wiki":    "https://fr.wikipedia.org/wiki/Cameroun"
    },

    {
      "code":    "CN",
      "nom":     "Chine",
      "prefixe": "République Démocratique de",
      "wiki":    "https://fr.wikipedia.org/wiki/Chine"
    },

    {
      "code":    "CO",
      "nom":     "Colombie",
      "prefixe": "",
      "wiki":    "https://fr.wikipedia.org/wiki/Colombie"
    },

    {
      "code":    "CR",
      "nom":     "Costa Rica",
      "prefixe": "",
      "wiki":    "https://fr.wikipedia.org/wiki/Costa_Rica"
    },

    {
      "code":    "CU",
      "nom":     "Cuba",
      "prefixe": "",
      "wiki":    "https://fr.wikipedia.org/wiki/Cuba"
    },

    {
      "code":    "CV",
      "nom":     "Cape Vert",
      "prefixe": "",
      "wiki":    "https://fr.wikipedia.org/wiki/Cap-Vert"
    },

    {
      "code":    "CW",
      "nom":     "Curaçao",
      "prefixe": "",
      "wiki":    "https://fr.wikipedia.org/wiki/Cura%C3%A7ao"
    },

    {
      "code":    "CX",
      "nom":     "Christmas",
      "prefixe": "Île",
      "wiki":    "https://fr.wikipedia.org/wiki/%C3%8Ele_Christmas_(Kiribati)"
    },

    {
      "code":    "CY",
      "nom":     "Chypre",
      "prefixe": "",
      "wiki":    "https://fr.wikipedia.org/wiki/Chypre_(pays)"
    },

    {
      "code":    "CZ",
      "nom":     "République Tchèque",
      "prefixe": "",
      "wiki":    "https://fr.wikipedia.org/wiki/Tch%C3%A9quie"
    },

    {
      "code":    "DE",
      "nom":     "Allemagne",
      "prefixe": "",
      "wiki":    "https://fr.wikipedia.org/wiki/Allemagne"
    },

    {
      "code":    "DJ",
      "nom":     "Djibouti",
      "prefixe": "",
      "wiki":    "https://fr.wikipedia.org/wiki/Djibouti"
    },

    {
      "code":    "DK",
      "nom":     "Danemark",
      "prefixe": "",
      "wiki":    "https://fr.wikipedia.org/wiki/Danemark"
    },

    {
      "code":    "DM",
      "nom":     "Dominique",
      "prefixe": "",
      "wiki":    "https://fr.wikipedia.org/wiki/Dominique_(pays)"
    },

    {
      "code":    "DOM",
      "nom":     "République Dominicaine",
      "prefixe": "",
      "wiki":    "https://fr.wikipedia.org/wiki/R%C3%A9publique_dominicaine"
    },

    {
      "code":    "DZ",
      "nom":     "Algérie",
      "prefixe": "",
      "wiki":    "https://fr.wikipedia.org/wiki/Alg%C3%A9rie"
    },

    {
      "code":    "EC",
      "nom":     "Équateur",
      "prefixe": "",
      "wiki":    "https://fr.wikipedia.org/wiki/%C3%89quateur_(pays)"
    },

    {
      "code":    "EE",
      "nom":     "Estonie",
      "prefixe": "",
      "wiki":    "https://fr.wikipedia.org/wiki/Estonie"
    },

    {
      "code":    "EG",
      "nom":     "Égypte",
      "prefixe": "",
      "wiki":    "https://fr.wikipedia.org/wiki/%C3%89gypte"
    },

    {
      "code":    "EH",
      "nom":     "Sahara Occidental",
      "prefixe": "",
      "wiki":    "https://fr.wikipedia.org/wiki/Sahara_occidental"
    },

    {
      "code":    "ER",
      "nom":     "Erythrée",
      "prefixe": "",
      "wiki":    "https://fr.wikipedia.org/wiki/%C3%89rythr%C3%A9e"
    },

    {
      "code":    "ES",
      "nom":     "Espagne",
      "prefixe": "",
      "wiki":    "https://fr.wikipedia.org/wiki/Espagne"
    },

    {
      "code":    "ET",
      "nom":     "Éthiopie",
      "prefixe": "",
      "wiki":    "https://fr.wikipedia.org/wiki/%C3%89thiopie"
    },

    {
      "code":    "EU",
      "nom":     "Europe",
      "prefixe": "",
      "wiki":    "https://fr.wikipedia.org/wiki/Europe"
    },

    {
      "code":    "FI",
      "nom":     "Finlande",
      "prefixe": "",
      "wiki":    "https://fr.wikipedia.org/wiki/Finlande"
    },

    {
      "code":    "FJ",
      "nom":     "Fijii",
      "prefixe": "Îles",
      "wiki":    "https://fr.wikipedia.org/wiki/Fidji"
    },

    {
      "code":    "FK",
      "nom":     "Falkland (Malouines)",
      "prefixe": "Îles",
      "wiki":    "https://fr.wikipedia.org/wiki/%C3%8Eles_Malouines"
    },

    {
      "code":    "FM",
      "nom":     "Micronésie",
      "prefixe": "États Fédérés de",
      "wiki":    "https://fr.wikipedia.org/wiki/%C3%89tats_f%C3%A9d%C3%A9r%C3%A9s_de_Micron%C3%A9sie"
    },

    {
      "code":    "FO",
      "nom":     "Féroé",
      "prefixe": "Îles",
      "wiki":    "https://fr.wikipedia.org/wiki/%C3%8Eles_F%C3%A9ro%C3%A9"
    },

    {
      "code":    "FR",
      "nom":     "France",
      "prefixe": "",
      "wiki":    "https://fr.wikipedia.org/wiki/France"
    },

    {
      "code":    "GA",
      "nom":     "Gabon",
      "prefixe": "",
      "wiki":    "https://fr.wikipedia.org/wiki/Gabon"
    },

    {
      "code":    "GBENG",
      "nom":     "Angleterre",
      "prefixe": "",
      "wiki":    "https://fr.wikipedia.org/wiki/Angleterre"
    },

    {
      "code":    "GBNIR",
      "nom":     "Irlande du Nord",
      "prefixe": "",
      "wiki":    "https://fr.wikipedia.org/wiki/Irlande_du_Nord"
    },

    {
      "code":    "GBSCT",
      "nom":     "Écosse",
      "prefixe": "",
      "wiki":    "https://fr.wikipedia.org/wiki/%C3%89cosse"
    },

    {
      "code":    "GBWLS",
      "nom":     "Pays de Galles",
      "prefixe": "",
      "wiki":    "https://fr.wikipedia.org/wiki/Pays_de_Galles"
    },

    {
      "code":    "GB",
      "nom":     "Grande Bretagne",
      "prefixe": "",
      "wiki":    "https://fr.wikipedia.org/wiki/Grande-Bretagne_(royaume)"
    },

    {
      "code":    "GD",
      "nom":     "Grenade",
      "prefixe": "",
      "wiki":    "https://fr.wikipedia.org/wiki/Grenade_(pays)"
    },

    {
      "code":    "GE",
      "nom":     "Géorgie",
      "prefixe": "",
      "wiki":    "https://fr.wikipedia.org/wiki/G%C3%A9orgie_(pays)"
    },

    {
      "code":    "GF",
      "nom":     "Guinée Française",
      "prefixe": "",
      "wiki":    "https://fr.wikipedia.org/wiki/Guin%C3%A9e_fran%C3%A7aise"
    },

    {
      "code":    "GG",
      "nom":     "Guernesey",
      "prefixe": "",
      "wiki":    "https://fr.wikipedia.org/wiki/Guernesey"
    },

    {
      "code":    "GH",
      "nom":     "Ghana",
      "prefixe": "",
      "wiki":    "https://fr.wikipedia.org/wiki/Ghana"
    },

    {
      "code":    "GI",
      "nom":     "Gibraltar",
      "prefixe": "",
      "wiki":    "https://fr.wikipedia.org/wiki/Gibraltar"
    },

    {
      "code":    "GL",
      "nom":     "Groenland",
      "prefixe": "",
      "wiki":    "https://fr.wikipedia.org/wiki/Groenland"
    },

    {
      "code":    "GM",
      "nom":     "Gambie",
      "prefixe": "",
      "wiki":    "https://fr.wikipedia.org/wiki/Gambie"
    },

    {
      "code":    "GN",
      "nom":     "Guinée",
      "prefixe": "",
      "wiki":    "https://fr.wikipedia.org/wiki/Guin%C3%A9e"
    },

    {
      "code":    "GP",
      "nom":     "Guadeloupe",
      "prefixe": "",
      "wiki":    "https://fr.wikipedia.org/wiki/Guadeloupe"
    },

    {
      "code":    "GQ",
      "nom":     "Guinée Équatoriale",
      "prefixe": "",
      "wiki":    "https://fr.wikipedia.org/wiki/Guin%C3%A9e_%C3%A9quatoriale"
    },

    {
      "code":    "GR",
      "nom":     "Grèce",
      "prefixe": "",
      "wiki":    "https://fr.wikipedia.org/wiki/Gr%C3%A8ce"
    },

    {
      "code":    "GS",
      "nom":     "Géorgie du Sud-et-les îles Sandwich du Sud",
      "prefixe": "",
      "wiki":    "https://fr.wikipedia.org/wiki/G%C3%A9orgie_du_Sud-et-les_%C3%AEles_Sandwich_du_Sud"
    },

    {
      "code":    "GT",
      "nom":     "Guatemala",
      "prefixe": "",
      "wiki":    "https://fr.wikipedia.org/wiki/Guatemala"
    },

    {
      "code":    "GU",
      "nom":     "Guam",
      "prefixe": "",
      "wiki":    "https://fr.wikipedia.org/wiki/Guam"
    },

    {
      "code":    "GW",
      "nom":     "Guinée-Bissau",
      "prefixe": "",
      "wiki":    "https://fr.wikipedia.org/wiki/Guin%C3%A9e-Bissau"
    },

    {
      "code":    "GY",
      "nom":     "Guyana",
      "prefixe": "",
      "wiki":    "https://fr.wikipedia.org/wiki/Guyana"
    },

    {
      "code":    "HK",
      "nom":     "Hong Kong",
      "prefixe": "",
      "wiki":    "https://fr.wikipedia.org/wiki/Hong_Kong"
    },

    {
      "code":    "HM",
      "nom":     "Heard et MacDonald",
      "prefixe": "Îles",
      "wiki":    "https://fr.wikipedia.org/wiki/%C3%8Eles_Heard-et-MacDonald"
    },

    {
      "code":    "HN",
      "nom":     "Honduras",
      "prefixe": "",
      "wiki":    "https://fr.wikipedia.org/wiki/Honduras"
    },

    {
      "code":    "HR",
      "nom":     "Croatie",
      "prefixe": "",
      "wiki":    "https://fr.wikipedia.org/wiki/Croatie"
    },

    {
      "code":    "HT",
      "nom":     "Haïti",
      "prefixe": "",
      "wiki":    "https://fr.wikipedia.org/wiki/Ha%C3%AFti"
    },

    {
      "code":    "HU",
      "nom":     "Hongrie",
      "prefixe": "",
      "wiki":    "https://fr.wikipedia.org/wiki/Hongrie"
    },

    {
      "code":    "ID",
      "nom":     "Indonésie",
      "prefixe": "",
      "wiki":    "https://fr.wikipedia.org/wiki/Indon%C3%A9sie"
    },

    {
      "code":    "IE",
      "nom":     "Irelande",
      "prefixe": "",
      "wiki":    "https://fr.wikipedia.org/wiki/Irlande_(pays)"
    },

    {
      "code":    "IL",
      "nom":     "Israël",
      "prefixe": "",
      "wiki":    "https://fr.wikipedia.org/wiki/Isra%C3%ABl"
    },

    {
      "code":    "IM",
      "nom":     "Man",
      "prefixe": "Île de",
      "wiki":    "https://fr.wikipedia.org/wiki/%C3%8Ele_de_Man"
    },

    {
      "code":    "IN",
      "nom":     "Inde",
      "prefixe": "",
      "wiki":    "https://fr.wikipedia.org/wiki/Inde"
    },

    {
      "code":    "IO",
      "nom":     "Îles Vierges Britanniques",
      "prefixe": "",
      "wiki":    "https://fr.wikipedia.org/wiki/%C3%8Eles_Vierges_britanniques"
    },

    {
      "code":    "IQ",
      "nom":     "Irak",
      "prefixe": "",
      "wiki":    "https://fr.wikipedia.org/wiki/Irak"
    },

    {
      "code":    "IR",
      "nom":     "Iran",
      "prefixe": "République Islamique de l'",
      "wiki":    "https://fr.wikipedia.org/wiki/Iran"
    },

    {
      "code":    "IS",
      "nom":     "Islande",
      "prefixe": "",
      "wiki":    "https://fr.wikipedia.org/wiki/Islande"
    },

    {
      "code":    "IT",
      "nom":     "Italie",
      "prefixe": "",
      "wiki":    "https://fr.wikipedia.org/wiki/Italie"
    },

    {
      "code":    "JE",
      "nom":     "Jersey",
      "prefixe": "",
      "wiki":    "https://fr.wikipedia.org/wiki/Jersey"
    },

    {
      "code":    "JM",
      "nom":     "Jamaïque",
      "prefixe": "",
      "wiki":    "https://fr.wikipedia.org/wiki/Jama%C3%AFque"
    },

    {
      "code":    "JO",
      "nom":     "Jordanie",
      "prefixe": "",
      "wiki":    "https://fr.wikipedia.org/wiki/Jordanie"
    },

    {
      "code":    "JP",
      "nom":     "Japon",
      "prefixe": "",
      "wiki":    "https://fr.wikipedia.org/wiki/Japon"
    },

    {
      "code":    "KE",
      "nom":     "Kenya",
      "prefixe": "",
      "wiki":    "https://fr.wikipedia.org/wiki/Kenya"
    },

    {
      "code":    "KG",
      "nom":     "Kirghizistan",
      "prefixe": "",
      "wiki":    "https://fr.wikipedia.org/wiki/Kirghizistan"
    },

    {
      "code":    "KH",
      "nom":     "Camboge",
      "prefixe": "",
      "wiki":    "https://fr.wikipedia.org/wiki/Cambodge"
    },

    {
      "code":    "KI",
      "nom":     "Kiribati",
      "prefixe": "",
      "wiki":    "https://fr.wikipedia.org/wiki/Kiribati"
    },

    {
      "code":    "KM",
      "nom":     "Comores",
      "prefixe": "",
      "wiki":    "https://fr.wikipedia.org/wiki/Comores_(pays)"
    },

    {
      "code":    "KN",
      "nom":     "Saint-Christophe-et-Niévès",
      "prefixe": "",
      "wiki":    "https://fr.wikipedia.org/wiki/Saint-Christophe-et-Ni%C3%A9v%C3%A8s"
    },

    {
      "code":    "KP",
      "nom":     "Corée (du Nord)",
      "prefixe": "République Populaire Démocratique de",
      "wiki":    "https://fr.wikipedia.org/wiki/Cor%C3%A9e_du_Nord"
    },

    {
      "code":    "KR",
      "nom":     "Corée (du Sud)",
      "prefixe": "République de",
      "wiki":    "https://fr.wikipedia.org/wiki/Cor%C3%A9e_du_Sud"
    },

    {
      "code":    "KW",
      "nom":     "Koweït",
      "prefixe": "",
      "wiki":    "https://fr.wikipedia.org/wiki/Kowe%C3%AFt"
    },

    {
      "code":    "KY",
      "nom":     "Caïmans",
      "prefixe": "Îles",
      "wiki":    "https://fr.wikipedia.org/wiki/%C3%8Eles_Ca%C3%AFmans"
    },

    {
      "code":    "KZ",
      "nom":     "Kazakhstan",
      "prefixe": "",
      "wiki":    "https://fr.wikipedia.org/wiki/Kazakhstan"
    },

    {
      "code":    "LA",
      "nom":     "Laos",
      "prefixe": "République Démocratique du",
      "wiki":    "https://fr.wikipedia.org/wiki/Laos"
    },

    {
      "code":    "LB",
      "nom":     "Liban",
      "prefixe": "",
      "wiki":    "https://fr.wikipedia.org/wiki/Liban"
    },

    {
      "code":    "LC",
      "nom":     "Sainte-Lucie",
      "prefixe": "",
      "wiki":    "https://fr.wikipedia.org/wiki/Sainte-Lucie"
    },

    {
      "code":    "LI",
      "nom":     "Liechtenstein",
      "prefixe": "",
      "wiki":    "https://fr.wikipedia.org/wiki/Liechtenstein"
    },

    {
      "code":    "LK",
      "nom":     "Sri Lanka",
      "prefixe": "",
      "wiki":    "https://fr.wikipedia.org/wiki/Sri_Lanka"
    },

    {
      "code":    "LR",
      "nom":     "Libéria",
      "prefixe": "",
      "wiki":    "https://fr.wikipedia.org/wiki/Liberia"
    },

    {
      "code":    "LS",
      "nom":     "Lesotho",
      "prefixe": "",
      "wiki":    "https://fr.wikipedia.org/wiki/Lesotho"
    },

    {
      "code":    "LT",
      "nom":     "Lituanie",
      "prefixe": "",
      "wiki":    "https://fr.wikipedia.org/wiki/Lituanie"
    },

    {
      "code":    "LU",
      "nom":     "Luxembourg",
      "prefixe": "",
      "wiki":    "https://fr.wikipedia.org/wiki/Luxembourg"
    },

    {
      "code":    "LV",
      "nom":     "Lettonie",
      "prefixe": "",
      "wiki":    "https://fr.wikipedia.org/wiki/Lettonie"
    },

    {
      "code":    "LY",
      "nom":     "Libye",
      "prefixe": "",
      "wiki":    "https://fr.wikipedia.org/wiki/Libye"
    },

    {
      "code":    "MA",
      "nom":     "Maroc",
      "prefixe": "",
      "wiki":    "https://fr.wikipedia.org/wiki/Maroc"
    },

    {
      "code":    "MC",
      "nom":     "Monaco",
      "prefixe": "Principauté de",
      "wiki":    "https://fr.wikipedia.org/wiki/Monaco"
    },

    {
      "code":    "MD",
      "nom":     "Moldavie",
      "prefixe": "République de",
      "wiki":    "https://fr.wikipedia.org/wiki/Moldavie"
    },

    {
      "code":    "ME",
      "nom":     "Montenegro",
      "prefixe": "",
      "wiki":    "https://fr.wikipedia.org/wiki/Mont%C3%A9n%C3%A9gro"
    },

    {
      "code":    "MF",
      "nom":     "Saint-Martin (Antilles Françaises)",
      "prefixe": "",
      "wiki":    "https://fr.wikipedia.org/wiki/Saint-Martin_(Antilles_fran%C3%A7aises)"
    },

    {
      "code":    "MG",
      "nom":     "Madagascar",
      "prefixe": "",
      "wiki":    "https://fr.wikipedia.org/wiki/Madagascar"
    },

    {
      "code":    "MH",
      "nom":     "Marshall",
      "prefixe": "Îles",
      "wiki":    "https://fr.wikipedia.org/wiki/%C3%8Eles_Marshall"
    },

    {
      "code":    "MK",
      "nom":     "Macédoine du Nord",
      "prefixe": "L'ex-République Yougoslave de",
      "wiki":    "https://fr.wikipedia.org/wiki/Mac%C3%A9doine_du_Nord"
    },

    {
      "code":    "ML",
      "nom":     "Mali",
      "prefixe": "",
      "wiki":    "https://fr.wikipedia.org/wiki/Mali"
    },

    {
      "code":    "MM",
      "nom":     "Myanmar (Birmanie)",
      "prefixe": "",
      "wiki":    "https://fr.wikipedia.org/wiki/Birmanie"
    },

    {
      "code":    "MN",
      "nom":     "Mongolie",
      "prefixe": "",
      "wiki":    "https://fr.wikipedia.org/wiki/Mongolie"
    },

    {
      "code":    "MO",
      "nom":     "Macao",
      "prefixe": "",
      "wiki":    "https://fr.wikipedia.org/wiki/Macao"
    },

    {
      "code":    "MP",
      "nom":     "Mariannes du Nord",
      "prefixe": "Îles",
      "wiki":    "https://fr.wikipedia.org/wiki/%C3%8Eles_Mariannes_du_Nord"
    },

    {
      "code":    "MQ",
      "nom":     "Martinique",
      "prefixe": "",
      "wiki":    "https://fr.wikipedia.org/wiki/Martinique"
    },

    {
      "code":    "MR",
      "nom":     "Mauritanie",
      "prefixe": "",
      "wiki":    "https://fr.wikipedia.org/wiki/Mauritanie"
    },

    {
      "code":    "MS",
      "nom":     "Montserrat",
      "prefixe": "",
      "wiki":    "https://fr.wikipedia.org/wiki/Montserrat_(Antilles)"
    },

    {
      "code":    "MT",
      "nom":     "Malte",
      "prefixe": "République de",
      "wiki":    "https://fr.wikipedia.org/wiki/Malte"
    },

    {
      "code":    "MU",
      "nom":     "Maurice",
      "prefixe": "",
      "wiki":    "https://fr.wikipedia.org/wiki/Maurice_(pays)"
    },

    {
      "code":    "MV",
      "nom":     "Maldives",
      "prefixe": "",
      "wiki":    "https://fr.wikipedia.org/wiki/Maldives"
    },

    {
      "code":    "MW",
      "nom":     "Malawi",
      "prefixe": "",
      "wiki":    "https://fr.wikipedia.org/wiki/Malawi"
    },

    {
      "code":    "MX",
      "nom":     "Mexique",
      "prefixe": "",
      "wiki":    "https://fr.wikipedia.org/wiki/Mexique"
    },

    {
      "code":    "MY",
      "nom":     "Malaisie",
      "prefixe": "",
      "wiki":    "https://fr.wikipedia.org/wiki/Malaisie"
    },

    {
      "code":    "MZ",
      "nom":     "Mozambique",
      "prefixe": "",
      "wiki":    "https://fr.wikipedia.org/wiki/Mozambique"
    },

    {
      "code":    "NA",
      "nom":     "Namibie",
      "prefixe": "",
      "wiki":    "https://fr.wikipedia.org/wiki/Namibie"
    },

    {
      "code":    "NC",
      "nom":     "Nouvelle Calédonie",
      "prefixe": "",
      "wiki":    "https://fr.wikipedia.org/wiki/Nouvelle-Cal%C3%A9donie"
    },

    {
      "code":    "NE",
      "nom":     "Niger",
      "prefixe": "",
      "wiki":    "https://fr.wikipedia.org/wiki/Niger"
    },

    {
      "code":    "NF",
      "nom":     "Norfolk",
      "prefixe": "Île",
      "wiki":    "https://fr.wikipedia.org/wiki/%C3%8Ele_Norfolk"
    },

    {
      "code":    "NG",
      "nom":     "Nigeria",
      "prefixe": "",
      "wiki":    "https://fr.wikipedia.org/wiki/Nigeria"
    },

    {
      "code":    "NI",
      "nom":     "Nicaragua",
      "prefixe": "",
      "wiki":    "https://fr.wikipedia.org/wiki/Nicaragua"
    },

    {
      "code":    "NL",
      "nom":     "Pays-Bas",
      "prefixe": "",
      "wiki":    "https://fr.wikipedia.org/wiki/Pays-Bas"
    },

    {
      "code":    "NO",
      "nom":     "Norvège",
      "prefixe": "",
      "wiki":    "https://fr.wikipedia.org/wiki/Norv%C3%A8ge"
    },

    {
      "code":    "NP",
      "nom":     "Népal",
      "prefixe": "",
      "wiki":    "https://fr.wikipedia.org/wiki/N%C3%A9pal"
    },

    {
      "code":    "NR",
      "nom":     "Nauru",
      "prefixe": "",
      "wiki":    "https://fr.wikipedia.org/wiki/Nauru"
    },

    {
      "code":    "NU",
      "nom":     "Niue",
      "prefixe": "",
      "wiki":    "https://fr.wikipedia.org/wiki/Niue"
    },

    {
      "code":    "NZ",
      "nom":     "Nouvelle Zélande",
      "prefixe": "",
      "wiki":    "https://fr.wikipedia.org/wiki/Nouvelle-Z%C3%A9lande"
    },

    {
      "code":    "OM",
      "nom":     "Oman",
      "prefixe": "",
      "wiki":    "https://fr.wikipedia.org/wiki/Oman"
    },

    {
      "code":    "PA",
      "nom":     "Panama",
      "prefixe": "",
      "wiki":    "https://fr.wikipedia.org/wiki/Panama"
    },

    {
      "code":    "PE",
      "nom":     "Pérou",
      "prefixe": "",
      "wiki":    "https://fr.wikipedia.org/wiki/P%C3%A9rou"
    },

    {
      "code":    "PF",
      "nom":     "Polynésie Française",
      "prefixe": "",
      "wiki":    "https://fr.wikipedia.org/wiki/Polyn%C3%A9sie_fran%C3%A7aise"
    },

    {
      "code":    "PG",
      "nom":     "Papouasie-Nouvelle-Guinée",
      "prefixe": "",
      "wiki":    "https://fr.wikipedia.org/wiki/Papouasie-Nouvelle-Guin%C3%A9e"
    },

    {
      "code":    "PH",
      "nom":     "Philippines",
      "prefixe": "",
      "wiki":    "https://fr.wikipedia.org/wiki/Philippines"
    },

    {
      "code":    "PK",
      "nom":     "Pakistan",
      "prefixe": "",
      "wiki":    "https://fr.wikipedia.org/wiki/Pakistan"
    },

    {
      "code":    "PL",
      "nom":     "Pologne",
      "prefixe": "",
      "wiki":    "https://fr.wikipedia.org/wiki/Pologne"
    },

    {
      "code":    "PM",
      "nom":     "Saint-Pierre-et-Miquelon",
      "prefixe": "",
      "wiki":    "https://fr.wikipedia.org/wiki/Saint-Pierre-et-Miquelon"
    },

    {
      "code":    "PN",
      "nom":     "Pitcairn",
      "prefixe": "Îles",
      "wiki":    "https://fr.wikipedia.org/wiki/%C3%8Eles_Pitcairn"
    },

    {
      "code":    "PR",
      "nom":     "Porto Rico",
      "prefixe": "",
      "wiki":    "https://fr.wikipedia.org/wiki/Porto_Rico"
    },

    {
      "code":    "PS",
      "nom":     "Palestine",
      "prefixe": "",
      "wiki":    "https://fr.wikipedia.org/wiki/Palestine"
    },

    {
      "code":    "PT",
      "nom":     "Portugal",
      "prefixe": "",
      "wiki":    ""
    },

    {
      "code":    "PW",
      "nom":     "Palaos",
      "prefixe": "",
      "wiki":    "https://fr.wikipedia.org/wiki/Palaos"
    },

    {
      "code":    "PY",
      "nom":     "Paraguay",
      "prefixe": "",
      "wiki":    "https://fr.wikipedia.org/wiki/Paraguay"
    },

    {
      "code":    "QA",
      "nom":     "Qatar",
      "prefixe": "",
      "wiki":    "https://fr.wikipedia.org/wiki/Qatar"
    },

    {
      "code":    "RE",
      "nom":     "Réunion",
      "prefixe": "La",
      "wiki":    "https://fr.wikipedia.org/wiki/La_R%C3%A9union"
    },

    {
      "code":    "RO",
      "nom":     "Roumanie",
      "prefixe": "",
      "wiki":    "https://fr.wikipedia.org/wiki/Roumanie"
    },

    {
      "code":    "RS",
      "nom":     "Serbie",
      "prefixe": "",
      "wiki":    "https://fr.wikipedia.org/wiki/Serbie"
    },

    {
      "code":    "RU",
      "nom":     "Russie",
      "prefixe": "Fédération de",
      "wiki":    "https://fr.wikipedia.org/wiki/Russie"
    },

    {
      "code":    "RW",
      "nom":     "Rwanda",
      "prefixe": "",
      "wiki":    "https://fr.wikipedia.org/wiki/Rwanda"
    },

    {
      "code":    "SA",
      "nom":     "Arabie Saoudite",
      "prefixe": "",
      "wiki":    "https://fr.wikipedia.org/wiki/Arabie_saoudite"
    },

    {
      "code":    "SB",
      "nom":     "Salomon",
      "prefixe": "Îles",
      "wiki":    "https://fr.wikipedia.org/wiki/%C3%8Eles_Salomon"
    },

    {
      "code":    "SC",
      "nom":     "Seychelles",
      "prefixe": "",
      "wiki":    "https://fr.wikipedia.org/wiki/Seychelles"
    },

    {
      "code":    "SD",
      "nom":     "Soudan",
      "prefixe": "",
      "wiki":    "https://fr.wikipedia.org/wiki/Soudan"
    },

    {
      "code":    "SE",
      "nom":     "Suède",
      "prefixe": "",
      "wiki":    "https://fr.wikipedia.org/wiki/Su%C3%A8de"
    },

    {
      "code":    "SG",
      "nom":     "Singapour",
      "prefixe": "",
      "wiki":    "https://fr.wikipedia.org/wiki/Singapour"
    },

    {
      "code":    "SH",
      "nom":     "Sainte-Hélène, Ascension et Tristan da Cunha",
      "prefixe": "",
      "wiki":    "https://fr.wikipedia.org/wiki/Sainte-H%C3%A9l%C3%A8ne,_Ascension_et_Tristan_da_Cunha"
    },

    {
      "code":    "SI",
      "nom":     "Slovénie",
      "prefixe": "",
      "wiki":    "https://fr.wikipedia.org/wiki/Slov%C3%A9nie"
    },

    {
      "code":    "SJ",
      "nom":     "Svalbard et Jan Mayen",
      "prefixe": "Îles",
      "wiki":    "https://fr.wikipedia.org/wiki/Svalbard"
    },

    {
      "code":    "SK",
      "nom":     "Slovaquie",
      "prefixe": "",
      "wiki":    "https://fr.wikipedia.org/wiki/Slovaquie"
    },

    {
      "code":    "SL",
      "nom":     "Sierra Leone",
      "prefixe": "",
      "wiki":    "https://fr.wikipedia.org/wiki/Sierra_Leone"
    },

    {
      "code":    "SM",
      "nom":     "Saint-Marin",
      "prefixe": "",
      "wiki":    "https://fr.wikipedia.org/wiki/Saint-Marin"
    },

    {
      "code":    "SN",
      "nom":     "Sénégal",
      "prefixe": "",
      "wiki":    "https://fr.wikipedia.org/wiki/S%C3%A9n%C3%A9gal"
    },

    {
      "code":    "SO",
      "nom":     "Somalie",
      "prefixe": "",
      "wiki":    "https://fr.wikipedia.org/wiki/Somalie"
    },

    {
      "code":    "SR",
      "nom":     "Suriname",
      "prefixe": "",
      "wiki":    "https://fr.wikipedia.org/wiki/Suriname"
    },

    {
      "code":    "SS",
      "nom":     "Soudan du Sud",
      "prefixe": "",
      "wiki":    "https://fr.wikipedia.org/wiki/Soudan_du_Sud"
    },

    {
      "code":    "ST",
      "nom":     "Sao Tomé-et-Principe",
      "prefixe": "",
      "wiki":    "https://fr.wikipedia.org/wiki/Sao_Tom%C3%A9-et-Principe"
    },

    {
      "code":    "SV",
      "nom":     "Salvador",
      "prefixe": "El",
      "wiki":    "https://fr.wikipedia.org/wiki/Salvador"
    },

    {
      "code":    "SX",
      "nom":     "Saint-Martin (partie néerlandaise)",
      "prefixe": "",
      "wiki":    "https://fr.wikipedia.org/wiki/Saint-Martin_(royaume_des_Pays-Bas)"
    },

    {
      "code":    "SY",
      "nom":     "Syrie",
      "prefixe": "République Arabique de",
      "wiki":    "https://fr.wikipedia.org/wiki/Syrie"
    },

    {
      "code":    "SZ",
      "nom":     "Eswatini (Swaziland)",
      "prefixe": "",
      "wiki":    "https://fr.wikipedia.org/wiki/Eswatini"
    },

    {
      "code":    "TC",
      "nom":     "Turques et Caïques",
      "prefixe": "Îles",
      "wiki":    "https://fr.wikipedia.org/wiki/%C3%8Eles_Turques-et-Ca%C3%AFques"
    },

    {
      "code":    "TD",
      "nom":     "Tchad",
      "prefixe": "",
      "wiki":    "https://fr.wikipedia.org/wiki/Tchad"
    },

    {
      "code":    "TF",
      "nom":     "Terres Australes Françaises",
      "prefixe": "",
      "wiki":    "https://fr.wikipedia.org/wiki/Terres_australes_et_antarctiques_fran%C3%A7aises"
    },

    {
      "code":    "TG",
      "nom":     "Togo",
      "prefixe": "",
      "wiki":    "https://fr.wikipedia.org/wiki/Togo"
    },

    {
      "code":    "TH",
      "nom":     "Thaïlande",
      "prefixe": "",
      "wiki":    "https://fr.wikipedia.org/wiki/Tha%C3%AFlande"
    },

    {
      "code":    "TJ",
      "nom":     "Tadjikistan",
      "prefixe": "",
      "wiki":    "https://fr.wikipedia.org/wiki/Tadjikistan"
    },

    {
      "code":    "TK",
      "nom":     "Tokelau",
      "prefixe": "",
      "wiki":    "https://fr.wikipedia.org/wiki/Tokelau"
    },

    {
      "code":    "TL",
      "nom":     "Timor oriental",
      "prefixe": "",
      "wiki":    "https://fr.wikipedia.org/wiki/Timor_oriental"
    },

    {
      "code":    "TM",
      "nom":     "Turkménistan",
      "prefixe": "",
      "wiki":    "https://fr.wikipedia.org/wiki/Turkm%C3%A9nistan"
    },

    {
      "code":    "TN",
      "nom":     "Tunisie",
      "prefixe": "",
      "wiki":    "https://fr.wikipedia.org/wiki/Tunisie"
    },

    {
      "code":    "TO",
      "nom":     "Tonga",
      "prefixe": "",
      "wiki":    "https://fr.wikipedia.org/wiki/Tonga"
    },

    {
      "code":    "TR",
      "nom":     "Turquie",
      "prefixe": "",
      "wiki":    "https://fr.wikipedia.org/wiki/Turquie"
    },

    {
      "code":    "TT",
      "nom":     "Trinité-et-Tobago",
      "prefixe": "",
      "wiki":    "https://fr.wikipedia.org/wiki/Trinit%C3%A9-et-Tobago"
    },

    {
      "code":    "TV",
      "nom":     "Tuvalu",
      "prefixe": "",
      "wiki":    "https://fr.wikipedia.org/wiki/Tuvalu"
    },

    {
      "code":    "TW",
      "nom":     "Taiwan (République de Chine)",
      "prefixe": "",
      "wiki":    "https://fr.wikipedia.org/wiki/Ta%C3%AFwan"
    },

    {
      "code":    "TZ",
      "nom":     "Tanzanie",
      "prefixe": "République Unie de",
      "wiki":    "https://fr.wikipedia.org/wiki/Tanzanie"
    },

    {
      "code":    "UA",
      "nom":     "Ukraine",
      "prefixe": "",
      "wiki":    "https://fr.wikipedia.org/wiki/Ukraine"
    },

    {
      "code":    "UG",
      "nom":     "Ouganda",
      "prefixe": "",
      "wiki":    "https://fr.wikipedia.org/wiki/Ouganda"
    },

    {
      "code":    "UM",
      "nom":     "Îles Mineures Éloignées des États-Unis",
      "prefixe": "",
      "wiki":    "https://fr.wikipedia.org/wiki/%C3%8Eles_mineures_%C3%A9loign%C3%A9es_des_%C3%89tats-Unis"
    },

    {
      "code":    "US",
      "nom":     "États-Unis",
      "prefixe": "",
      "wiki":    "https://fr.wikipedia.org/wiki/%C3%89tats-Unis"
    },

    {
      "code":    "UY",
      "nom":     "Uruguay",
      "prefixe": "",
      "wiki":    "https://fr.wikipedia.org/wiki/Uruguay"
    },

    {
      "code":    "UZ",
      "nom":     "Ouzbékistan",
      "prefixe": "",
      "wiki":    "https://fr.wikipedia.org/wiki/Ouzb%C3%A9kistan"
    },

    {
      "code":    "VA",
      "nom":     "Vatican",
      "prefixe": "État de la Cité Sainte du",
      "wiki":    "https://fr.wikipedia.org/wiki/Vatican"
    },

    {
      "code":    "VC",
      "nom":     "Saint-Vincent-et-les-Grenadines",
      "prefixe": "",
      "wiki":    "https://fr.wikipedia.org/wiki/Saint-Vincent-et-les-Grenadines"
    },

    {
      "code":    "VE",
      "nom":     "Venezuela",
      "prefixe": "République Bolivarienne du",
      "wiki":    "https://fr.wikipedia.org/wiki/Venezuela"
    },

    {
      "code":    "VG",
      "nom":     "Îles Vierges Britanniques",
      "prefixe": "",
      "wiki":    "https://fr.wikipedia.org/wiki/%C3%8Eles_Vierges_britanniques"
    },

    {
      "code":    "VI",
      "nom":     "Îles Vierges des États-Unis",
      "prefixe": "",
      "wiki":    "https://fr.wikipedia.org/wiki/%C3%8Eles_Vierges_des_%C3%89tats-Unis"
    },

    {
      "code":    "VN",
      "nom":     "Vietnam",
      "prefixe": "",
      "wiki":    "https://fr.wikipedia.org/wiki/Vi%C3%AAt_Nam"
    },

    {
      "code":    "VU",
      "nom":     "Vanuatu",
      "prefixe": "",
      "wiki":    "https://fr.wikipedia.org/wiki/Vanuatu"
    },

    {
      "code":    "WF",
      "nom":     "Wallis et Futuna",
      "prefixe": "Îles",
      "wiki":    "https://fr.wikipedia.org/wiki/Wallis-et-Futuna"
    },

    {
      "code":    "WS",
      "nom":     "Samoa",
      "prefixe": "",
      "wiki":    "https://fr.wikipedia.org/wiki/Samoa"
    },

    {
      "code":    "XK",
      "nom":     "Kosovo",
      "prefixe": "",
      "wiki":    "https://fr.wikipedia.org/wiki/Kosovo"
    },

    {
      "code":    "YE",
      "nom":     "Yémen",
      "prefixe": "",
      "wiki":    "https://fr.wikipedia.org/wiki/Y%C3%A9men"
    },

    {
      "code":    "YT",
      "nom":     "Mayotte",
      "prefixe": "",
      "wiki":    "https://fr.wikipedia.org/wiki/Mayotte"
    },

    {
      "code":    "ZA",
      "nom":     "Afrique du Sud",
      "prefixe": "",
      "wiki":    "https://fr.wikipedia.org/wiki/Afrique_du_Sud"
    },

    {
      "code":    "ZM",
      "nom":     "Zambie",
      "prefixe": "",
      "wiki":    "https://fr.wikipedia.org/wiki/Zambie"
    },

    {
      "code":    "ZW",
      "nom":     "Zimbabwe",
      "prefixe": "",
      "wiki":    "https://fr.wikipedia.org/wiki/Zimbabwe"
    }
  ]
}
